[
    {
        "key": "dbln",
        "value": "%7B%2261580254884847%22%3A%22uCywJsGv%22%2C%2261583082561470%22%3A%22QWnVbmuw%22%2C%2261583980773343%22%3A%229vYTtWDQ%22%2C%2261583970954775%22%3A%22wjxk6vBo%22%2C%22100082631832134%22%3A%22G37jP9Lm%22%7D",
        "domain": "facebook.com",
        "path": "/login/device-based/",
        "hostOnly": false,
        "creation": "2025-12-07T19:34:23.414Z",
        "lastAccessed": "2025-12-07T19:34:23.414Z"
    },
    {
        "key": "datr",
        "value": "UEi5aGl54Blyx4Z7BO6Euh_Q",
        "domain": "facebook.com",
        "path": "/",
        "hostOnly": false,
        "creation": "2025-12-07T19:34:23.414Z",
        "lastAccessed": "2025-12-07T19:34:23.414Z"
    },
    {
        "key": "sb",
        "value": "UEi5aGmnZoNv6kDFSO-VM2_L",
        "domain": "facebook.com",
        "path": "/",
        "hostOnly": false,
        "creation": "2025-12-07T19:34:23.414Z",
        "lastAccessed": "2025-12-07T19:34:23.414Z"
    },
    {
        "key": "ps_l",
        "value": "1",
        "domain": "facebook.com",
        "path": "/",
        "hostOnly": false,
        "creation": "2025-12-07T19:34:23.414Z",
        "lastAccessed": "2025-12-07T19:34:23.414Z"
    },
    {
        "key": "ps_n",
        "value": "1",
        "domain": "facebook.com",
        "path": "/",
        "hostOnly": false,
        "creation": "2025-12-07T19:34:23.414Z",
        "lastAccessed": "2025-12-07T19:34:23.414Z"
    },
    {
        "key": "vpd",
        "value": "v1%3B629x336x3.2168333530426025",
        "domain": "facebook.com",
        "path": "/",
        "hostOnly": false,
        "creation": "2025-12-07T19:34:23.414Z",
        "lastAccessed": "2025-12-07T19:34:23.414Z"
    },
    {
        "key": "pas",
        "value": "61580254884847%3Adz37giNcE6%2C61581032189614%3AKajOm78Ooz%2C61581461687245%3AG9zrQVgSvh%2C61583082561470%3AEehYcIl1KR%2C100082631832134%3A9lpo7qp4cA%2C61583970954775%3ATcfId6WswY%2C61583980773343%3AznTc9oUfId",
        "domain": "facebook.com",
        "path": "/",
        "hostOnly": false,
        "creation": "2025-12-07T19:34:23.414Z",
        "lastAccessed": "2025-12-07T19:34:23.414Z"
    },
    {
        "key": "locale",
        "value": "ar_AR",
        "domain": "facebook.com",
        "path": "/",
        "hostOnly": false,
        "creation": "2025-12-07T19:34:23.414Z",
        "lastAccessed": "2025-12-07T19:34:23.414Z"
    },
    {
        "key": "m_pixel_ratio",
        "value": "3.2168333530426025",
        "domain": "facebook.com",
        "path": "/",
        "hostOnly": false,
        "creation": "2025-12-07T19:34:23.414Z",
        "lastAccessed": "2025-12-07T19:34:23.414Z"
    },
    {
        "key": "wd",
        "value": "393x873",
        "domain": "facebook.com",
        "path": "/",
        "hostOnly": false,
        "creation": "2025-12-07T19:34:23.414Z",
        "lastAccessed": "2025-12-07T19:34:23.414Z"
    },
    {
        "key": "c_user",
        "value": "100082631832134",
        "domain": "facebook.com",
        "path": "/",
        "hostOnly": false,
        "creation": "2025-12-07T19:34:23.414Z",
        "lastAccessed": "2025-12-07T19:34:23.414Z"
    },
    {
        "key": "xs",
        "value": "24%3A9ccq3JcZry729w%3A2%3A1765136055%3A-1%3A-1",
        "domain": "facebook.com",
        "path": "/",
        "hostOnly": false,
        "creation": "2025-12-07T19:34:23.414Z",
        "lastAccessed": "2025-12-07T19:34:23.414Z"
    },
    {
        "key": "fr",
        "value": "0mf1vthgqZAA0Mzqo.AWfPlR9sA7bGpDM28vSdtlKQwnbWLYyOLJOM7uawdGNUpNiicnQ.BouUhQ..AAA.0.0.BpNda8.AWd8VNPwW7N62dhPeOXKQIY3P0I",
        "domain": "facebook.com",
        "path": "/",
        "hostOnly": false,
        "creation": "2025-12-07T19:34:23.414Z",
        "lastAccessed": "2025-12-07T19:34:23.414Z"
    },
    {
        "key": "fbl_st",
        "value": "101023489%3BT%3A29418934",
        "domain": "facebook.com",
        "path": "/",
        "hostOnly": false,
        "creation": "2025-12-07T19:34:23.414Z",
        "lastAccessed": "2025-12-07T19:34:23.414Z"
    },
    {
        "key": "wl_cbv",
        "value": "v2%3Bclient_version%3A3009%3Btimestamp%3A1765136060",
        "domain": "facebook.com",
        "path": "/",
        "hostOnly": false,
        "creation": "2025-12-07T19:34:23.414Z",
        "lastAccessed": "2025-12-07T19:34:23.414Z"
    }
]